"con_4b1969ec123ec";"usr_0000000000";"trm_4b1968619b00b";"Congruent";"The color and word names match";"2009-12-04 11:58:36"
"con_4b1969ffa6857";"usr_0000000000";"trm_4b1968619b00b";"Incongruent";"The color and word names conflict with one another";"2009-12-04 11:58:55"
"con_4b196a106c24a";"usr_0000000000";"trm_4b1968619b00b";"Neutral";"The word is not a color name";"2009-12-04 11:59:12"
"con_4b44a4d54233a";"usr_49a467bf4e0db";"tsk_4a57abb949e1a";"Go trial";"Trials on which a go stimulus is presented and the subject is expected to respond";"2010-01-06 06:57:25"
"con_4b44a4f3505bb";"usr_49a467bf4e0db";"tsk_4a57abb949e1a";"Stop trial";"Trials on which a stop signal is presented at some delay (stop-signal delay) following the go stimulus, and the subject is expected to stop";"2010-01-06 06:57:55"
"con_4b4a2f2e253fc";"usr_49a467bf4e0db";"tsk_4a57abb949a93";"Go trials";"Trials on which the stimulus is in the go category";"2010-01-10 11:49:02"
"con_4b4a2f46e10c3";"usr_49a467bf4e0db";"tsk_4a57abb949a93";"Stop trial";"Trials on which the stimulus is in the stop category";"2010-01-10 11:49:26"
"con_4b4a51b665917";"usr_49a467bf4e0db";"tsk_4a57abb949bcd";"0-back";"A condition requiring stimulus matching but not working memory";"2010-01-10 14:16:22"
"con_4b4a51d944c3e";"usr_49a467bf4e0db";"tsk_4a57abb949bcd";"3-back";"A condition requiring memory for stimuli occurring 3 stimuli back";"2010-01-10 14:16:57"
"con_4b4a538ded442";"usr_49a467bf4e0db";"trm_4b4a537644d76";"Target";"The stimulus to be responded to";"2010-01-10 14:24:13"
"con_4b4a53b3e6eb5";"usr_49a467bf4e0db";"trm_4b4a537644d76";"Nontarget";"Any stimulus other than the target";"2010-01-10 14:24:51"
"con_4b4a54736e57a";"usr_49a467bf4e0db";"tsk_4a57abb949bcd";"1-back";"A condition requiring memory for stimuli occurring 1 stimuli back";"2010-01-10 14:28:03"
"con_4b4a5481d9f61";"usr_49a467bf4e0db";"tsk_4a57abb949bcd";"2-back";"A condition requiring memory for stimuli occurring 2 stimuli back";"2010-01-10 14:28:17"
"con_4b4a5490ef92f";"usr_49a467bf4e0db";"tsk_4a57abb949bcd";"3-back";"A condition requiring memory for stimuli occurring 3 stimuli back";"2010-01-10 14:28:32"
"con_4b4a5f6515553";"usr_49a467bf4e0db";"tsk_4a57abb9499f1";"no delay";"No delay between initial presentation and probe";"2010-01-10 15:14:45"
"con_4b4a5f854160f";"usr_49a467bf4e0db";"tsk_4a57abb9499f1";"delay";"Probe presentation follows a delay after initial presentation";"2010-01-10 15:15:17"
"con_4b65e60a2cd66";"usr_4b64af5545a03";"trm_4b65e5e2ab3ca";"Matching";"The word and picture refer to the same concept";"2010-01-31 12:20:26"
"con_4b65e62c517d4";"usr_4b64af5545a03";"trm_4b65e5e2ab3ca";"Non-matching";"The word and picture refer to different concepts";"2010-01-31 12:21:00"
"con_4b7c0325a84d2";"usr_49a467bf4e0db";"trm_4b749b8829eee";"Segmented blocks";;"2010-02-17 06:54:29"
"con_4b7c03351da6c";"usr_49a467bf4e0db";"trm_4b749b8829eee";"Unsegmented blocks";;"2010-02-17 06:54:45"
"con_4b7c041db7971";"usr_49a467bf4e0db";"trm_4b75ea4ddd896";"Difficulty Level 1";"All three stimulus dimensions must match";"2010-02-17 06:58:37"
"con_4b7c04350b339";"usr_49a467bf4e0db";"trm_4b75ea4ddd896";"Difficulty Level 2";"Only two stimulus dimensions must match";"2010-02-17 06:59:01"
"con_4b7c044e53f9e";"usr_49a467bf4e0db";"trm_4b75ea4ddd896";"Difficulty Level 3";"Only one stimulus dimension must match";"2010-02-17 06:59:26"
"con_4b7c0a332773f";"usr_49a467bf4e0db";"tsk_4a57abb949f21";"First category";"The first category presented in the series";"2010-02-17 07:24:35"
"con_4b7c0aa41ca2a";"usr_49a467bf4e0db";"tsk_4a57abb949f21";"Subsequent categories";"Categories presented after the first in the series";"2010-02-17 07:26:28"
"con_4b7c101e99f7e";"usr_49a467bf4e0db";"tsk_4a57abb949f21";"Perseverative errors";"Errors that involve perseveration on the previously acquired set";"2010-02-17 07:49:50"
"con_4b7c1033c0b2d";"usr_49a467bf4e0db";"tsk_4a57abb949f21";"Nonperseverative errors";"Errors that do not involve perseveration on the previously acquired set";"2010-02-17 07:50:11"
"con_4b7c108cc5daf";"usr_49a467bf4e0db";"tsk_4a57abb949f21";"Failure to maintain set";"Loss of the correct sorting rule during performance";"2010-02-17 07:51:40"
"con_4b8436b5767e7";"usr_4aef33d37b963";"trm_4b843655d5d75";"Congruent";"Both body and head belong to the same animal";"2010-02-23 12:12:37"
"con_4b8436e0716e9";"usr_4aef33d37b963";"trm_4b843655d5d75";"Incongruent";"Body and head belong to different types of animals";"2010-02-23 12:13:20"
"con_4bd1ebae43d9f";"usr_4bd1dae5124ba";"tsk_4a57abb949e8a";"Switch trial";"Those trials on which subjects are required to switch from one task to another";"2010-04-23 11:49:18"
"con_4bd1ebdb08118";"usr_4bd1dae5124ba";"tsk_4a57abb949e8a";"Repeat trial";"Those trials on which subjects are required to repeat the same task that was performed on the previous trial";"2010-04-23 11:50:03"
"con_4be6eb857e704";"usr_4b64af5545a03";"tsk_4a57abb949b38";"Words";"Valid words in the testing language for which the correct response is &#34;Yes&#34;";"2010-05-09 10:06:13"
"con_4be6ebc7bf079";"usr_4b64af5545a03";"tsk_4a57abb949b38";"Pseudowords";"Pronounceable letter or phoneme strings which do not form a valid word in the testing language.  The correct response is &#34;No&#34;";"2010-05-09 10:07:19"
"con_4be6ec0cf3081";"usr_4b64af5545a03";"tsk_4a57abb949b38";"Consonant letter strings";"In imaging studies (as opposed to purely behavioural expts) strings of consonants are often used as a nonlexical control condition because they do not engage the reading system to the same extent";"2010-05-09 10:08:28"
"con_4be6ec2f7f42c";"usr_4b64af5545a03";"tsk_4a57abb949b38";"Fixation";"A &#34;baseline&#34; condition when no letter string stimulus is presented and no response is expected";"2010-05-09 10:09:03"
"con_4c6b5fd5be8b2";"usr_49a467bf4e0db";"tsk_4a57abb949e1a";"Successful Stop Trial";"A trial on which a stop signal is presented at a delay following the go stimulus, and the subject successfully withholds their response";"2010-08-17 21:21:41"
"con_4c6b600d4a2c2";"usr_49a467bf4e0db";"tsk_4a57abb949e1a";"Unsuccessful stop trial";"A trial on which a stop signal is presented at a delay following the go stimulus, and the subject fails to withhold their response";"2010-08-17 21:22:37"
"con_4c9974a448553";"usr_4aef384a4c085";"trm_4c3e0add96550";"delay period distractor task";"an optional task performed during the delay period between target presentation and the response cue; tasks examples : number subtraction, word categorization";"2010-09-21 20:14:44"
"con_4c9975fc2e715";"usr_4aef384a4c085";"trm_4c3e0add96550";"sensory modality";"This task is overwhelmingly performed with visual stimuli with a visual saccade response, however, a haptic version performed blind is described in Park & Holzman 1996.";"2010-09-21 20:20:28"
"con_4ebd400a8721f";"usr_49a467bf4e0db";"trm_4cacf3fbc503b";"Successful stop trial";"Stop trial on which subjects successfully inhibit";"2011-11-11 07:32:26"
"con_4ebd3f96a11e3";"usr_49a467bf4e0db";"tsk_4a57abb949e1a";"Junk trial";"A go trial on which subject failed to respond or responded incorrectly";"2011-11-11 07:30:30"
"con_4cacf2671647d";"usr_49a467bf4e0db";"trm_4cacf22a22d80";"Probabilistic classification trials";"Trials on which the subject classifies items";"2010-10-06 15:04:23"
"con_4cacf41107509";"usr_49a467bf4e0db";"trm_4cacf3fbc503b";"Go trials";"Trials on which a go stimulus is presented and the subject is expected to respond";"2010-10-06 15:11:29"
"con_4cacf4462f7cf";"usr_49a467bf4e0db";"trm_4cacf3fbc503b";"Stop-critical trial";"Trials on which a stop signal is presented at some delay (stop-signal delay) following the go, and the stimulus is the critical stimulus, meaning that the subject is expected to stop";"2010-10-06 15:12:22"
"con_4cacf4680a5e0";"usr_49a467bf4e0db";"trm_4cacf3fbc503b";"Stop-noncritical trial";"Trials on which a stop signal is presented at some delay (stop-signal delay) following the go, and the stimulus is the non-critical stimulus, meaning that the subject is not expected to stop";"2010-10-06 15:12:56"
"con_4d949c72f2589";"usr_49a467bf4e0db";"trm_4d949c5b0e380";"Word";"Pairs of real english words";"2011-03-31 08:23:30"
"con_4d949c8528903";"usr_49a467bf4e0db";"trm_4d949c5b0e380";"Pseudoword";"Pairs of pseudowords";"2011-03-31 08:23:49"
"con_4de53a974622f";"usr_4de5345b3b6a8";"tsk_4a57abb94981d";"meaningful";"actions are common gestures";"2011-05-31 11:59:35"
"con_4de53abc62726";"usr_4de5345b3b6a8";"tsk_4a57abb94981d";"meaningless";"actions are novel, and have likely not been seen or performed by the participant before";"2011-05-31 12:00:12"
"con_4de55b6707137";"usr_4de5345b3b6a8";"tsk_4a57abb949869";"antisaccade";"eye movements away from the fixation point";"2011-05-31 14:19:35"
"con_4de55b77a975e";"usr_4de5345b3b6a8";"tsk_4a57abb949869";"prosaccade";"eye movements toward the fixation point";"2011-05-31 14:19:51"
"con_4de56f49c241c";"usr_4de5345b3b6a8";"tsk_4a57abb949a0d";"forward";"participant repeats a string of digits in the order they were presented";"2011-05-31 15:44:25"
"con_4de56f7a1755f";"usr_4de5345b3b6a8";"tsk_4a57abb949a0d";"backward";"participant repeats a string of digits in the reverse order, beginning with the last digit presented";"2011-05-31 15:45:14"
"con_4de5785aaa9dd";"usr_4de5345b3b6a8";"trm_4d559bcd67c18";"positive feedback";"the balloon does not burst and the participant earns money per pump";"2011-05-31 16:23:06"
"con_4de5788dbc4bf";"usr_4de5345b3b6a8";"trm_4d559bcd67c18";"negative feedback";"the balloon bursts and the participant receives no money";"2011-05-31 16:23:57"
"con_4de583fcb050b";"usr_4de5345b3b6a8";"tsk_4a57abb9498bc";"short form";"27 points, subjects match possible faces to one picture, the last seven questions use pictures different poses";"2011-05-31 17:12:44"
"con_4de584598a7df";"usr_4de5345b3b6a8";"tsk_4a57abb9498bc";"long form";"54 points, subjects complete the short form plus an additional nine questions with the pictures using alternate lighting and poses. Each picture has 3 possible matches during this portion";"2011-05-31 17:14:17"
"con_4de67164155d6";"usr_4de5345b3b6a8";"tsk_4a57abb9498ce";"copying test";"patients/participants copy pictures or geometric objects";"2011-06-01 10:05:40"
"con_4de671af5ac83";"usr_4de5345b3b6a8";"tsk_4a57abb9498ce";"size match";"patients judge whether two objects presented side-by-side are the same size";"2011-06-01 10:06:55"
"con_4de671d131e0a";"usr_4de5345b3b6a8";"tsk_4a57abb9498ce";"length match";"patients judge whether two objects presented side-by-side are the same length";"2011-06-01 10:07:29"
"con_4de671e759538";"usr_4de5345b3b6a8";"tsk_4a57abb9498ce";"orientation match";"patients judge whether two objects presented side-by-side are shown with the same orientation";"2011-06-01 10:07:51"
"con_4de6722368540";"usr_4de5345b3b6a8";"tsk_4a57abb9498ce";"position gap match";"patients judge whether two objects presented side-by-side have a gap in the same position";"2011-06-01 10:08:51"
"con_4de674d6a83ce";"usr_4de5345b3b6a8";"tsk_4a57abb9498ce";"overlapping figures test";"patients are asked to identify all the objects in pictures containing overlapping figures";"2011-06-01 10:20:22"
"con_4de6758abdd95";"usr_4de5345b3b6a8";"tsk_4a57abb9498ce";"object decision";"patients are shown pictures and asked to identify whether the object could be real or is unreal";"2011-06-01 10:23:22"
"con_4de677aa1df70";"usr_4de5345b3b6a8";"tsk_4a57abb9498ce";"minimal feature match";"patients are asked to select a picture that is the same as the original picture, but the saliency of the objectâ€™s most distinctive feature is reduced";"2011-06-01 10:32:26"
"con_4de67800c8e2a";"usr_4de5345b3b6a8";"tsk_4a57abb9498ce";"foreshortened match";"patients are asked to select a picture that is the same as the original picture, but the object&#39;s principle axis is foreshortened";"2011-06-01 10:33:52"
"con_4de6789784b81";"usr_4de5345b3b6a8";"tsk_4a57abb9498ce";"drawing from memory test";"patients draw simple shapes, as well as animate objects";"2011-06-01 10:36:23"
"con_4de678e0271fa";"usr_4de5345b3b6a8";"tsk_4a57abb9498ce";"picture naming";"patients identify the names for pictures presented. Pictures are generally words used infrequently";"2011-06-01 10:37:36"
"con_4de6a278a78fe";"usr_4de5345b3b6a8";"tsk_4a57abb949900";"immediate recall";"16 words from four categories are presented to the participant, who is then asked to recall as many as possible in 5 consecutive trials";"2011-06-01 13:35:04"
"con_4de6a2be90318";"usr_4de5345b3b6a8";"tsk_4a57abb949900";"interference";"a list of other words is presented, and the participant is once again asked to recall the initial 16 words";"2011-06-01 13:36:14"
"con_4de6a2f38a3dd";"usr_4de5345b3b6a8";"tsk_4a57abb949900";"long recall";"after 20 minutes have passed, the participant is again asked to recall as many words as possible from the original list of 16";"2011-06-01 13:37:07"
"con_4de6a33431179";"usr_4de5345b3b6a8";"tsk_4a57abb949900";"recognition trial";"some researchers include a recognition trial at the end of the test, in which the participant is shown a list of words and asked which ones were on the original list";"2011-06-01 13:38:12"
"con_4de6ad74bd5ee";"usr_4de5345b3b6a8";"tsk_4a57abb949912";"same images";"participants view 6 faces in a random order, then are given 3 forced-choice tasks per face they have seen, in which 2 distractor faces are added and the participant must choose which face they have seen before";"2011-06-01 14:21:56"
"con_4de6add394f5b";"usr_4de5345b3b6a8";"tsk_4a57abb949912";"novel images";"participants complete a forced-choice task as in the same images condition, but the original 6 faces are now shown in a different way (different lighting, new facial expression, etc.)";"2011-06-01 14:23:31"
"con_4de6ae3e22fb0";"usr_4de5345b3b6a8";"tsk_4a57abb949912";"novel images with noise";"the participants complete a novel images forced-choice task, with Gaussian noise added";"2011-06-01 14:25:18"
"con_4de6b69d1e52b";"usr_4de5345b3b6a8";"trm_4d54b2cc0f943";"ratio";"different trials contain different probabilities of choosing the correct color";"2011-06-01 15:01:01"
"con_4de6bfac7a76f";"usr_4de5345b3b6a8";"tsk_4a57abb949934";"stimulus";"a subject must watch for a stimulus to be presented in the way it was shown to them before the test, then must react by pressing a button";"2011-06-01 15:39:40"
"con_4de6bfdf58e8e";"usr_4de5345b3b6a8";"tsk_4a57abb949934";"non-stimulus";"a subject is watching for a stimulus, but some other shape/picture/object is shown";"2011-06-01 15:40:31"
"con_4de6c00e51ce0";"usr_4de5345b3b6a8";"tsk_4a57abb949934";"right hand";"subjects are instructed to identify a stimulus or set of stimuli by pressing a button with the right hand";"2011-06-01 15:41:18"
"con_4de6c02033068";"usr_4de5345b3b6a8";"tsk_4a57abb949934";"left hand";"subjects are instructed to identify a stimulus or set of stimuli by pressing a button with the left hand";"2011-06-01 15:41:36"
"con_4de6c5f53e3b1";"usr_4de5345b3b6a8";"trm_4d55a2bbcfdff";"risky option";"a choice that has a low probability of reward, but a higher reward than the non-risky option";"2011-06-01 16:06:29"
"con_4de6c62e9b3ed";"usr_4de5345b3b6a8";"trm_4d55a2bbcfdff";"non-risky option";"a choice that has a high probability of reward, but the reward is lower than in the risky option";"2011-06-01 16:07:26"
"con_4de6c84f74297";"usr_4de5345b3b6a8";"trm_4c898acd1f28e";"conditioned stimulus";"a stimulus is presented that the subject has no instinctive response to, but the researcher hopes to create an automatic response to by pairing it with the unconditioned stimulus";"2011-06-01 16:16:31"
"con_4de6c8bbe652f";"usr_4de5345b3b6a8";"trm_4c898acd1f28e";"unconditioned stimulus";"a stimulus that the subject has a natural, instinctive reaction to ( stimuli associated with pain, noise, fear, and reward are often used)";"2011-06-01 16:18:19"
"con_4de6c945844e4";"usr_4de5345b3b6a8";"trm_4c898acd1f28e";"unconditioned response";"the way in which the subject reacts to the presentation of the unconditioned stimulus";"2011-06-01 16:20:37"
"con_4de6c9842d9c2";"usr_4de5345b3b6a8";"trm_4c898acd1f28e";"conditioned response";"the automatic reaction to the conditioned stimulus after it has become associated with the unconditioned stimulus";"2011-06-01 16:21:40"
"con_4de6d03ae6527";"usr_4de5345b3b6a8";"tsk_4a57abb9499a8";"formulating sentences subtest";"participant is asked to use a specific word or phrase correctly in a sentence to describe a picture";"2011-06-01 16:50:18"
"con_4de6d066cb774";"usr_4de5345b3b6a8";"tsk_4a57abb9499a8";"recalling sentences subtest";"participant is asked to repeat a sentence";"2011-06-01 16:51:02"
"con_4de6d0d578e8e";"usr_4de5345b3b6a8";"tsk_4a57abb9499a8";"sentence structure subtest";"participant responds to sentences of varying difficulty and structure";"2011-06-01 16:52:53"
"con_4de6d1194328b";"usr_4de5345b3b6a8";"tsk_4a57abb9499a8";"concepts and directions subtest";"participant is asked to follow directions that become increasingly difficult and cover a range of language concepts";"2011-06-01 16:54:01"
"con_4de6d1650c54a";"usr_4de5345b3b6a8";"tsk_4a57abb9499a8";"word classes subtest";"participants must identify how words relate to each other (synonyms/antonyms, types, etc.)";"2011-06-01 16:55:17"
"con_4de6d27471736";"usr_4de5345b3b6a8";"tsk_4a57abb9499a8";"word structure subtest";"assesses participants understanding of morphology";"2011-06-01 16:59:48"
"con_4de6d42855b8b";"usr_4de5345b3b6a8";"tsk_4a57abb9499a8";"semantic relationships subtest";"only administered to children 9 years and older, assesses ability to understand semantic relationships";"2011-06-01 17:07:04"
"con_4de6d45dd9ade";"usr_4de5345b3b6a8";"tsk_4a57abb9499a8";"sentence assembly subtest";"only administered to children 9 years and older, participant is given words or phrases and asked to construct sentences using them";"2011-06-01 17:07:57"
"con_4e5e7b75a6db4";"usr_4e4a7f57b30e6";"trm_4e5e7ac84c2e5";"Stimulation at PT-0.7Â°C";"Heat stimulation at pain threshold minus 0.7Â°C";"2011-08-31 11:20:37"
"con_4e5e7b3e4b895";"usr_4e4a7f57b30e6";"trm_4e5e7ac84c2e5";"Stimulation at PT-1.0Â°C";"Heat stimulation at pain threshold minus 1.0Â°C";"2011-08-31 11:19:42"
"con_4de7dc695f6f3";"usr_4de5345b3b6a8";"trm_4c898b4b463aa";"hider";"the subject hides an object and is encouraged to mislead the experimenter or other participant about where the object is hidden";"2011-06-02 11:54:33"
"con_4de7dcca3449f";"usr_4de5345b3b6a8";"trm_4c898b4b463aa";"guesser";"the experimenter or another participant hides an object and clearly tries to decieve the subject about where the object is hidden. In this task the experimenter is trying to ascertain whether the subject has the theory of mind to identify deceptive intent in others.";"2011-06-02 11:56:10"
"con_4de7e52cd087d";"usr_4de5345b3b6a8";"trm_4c898b8c2d071";"valid";"a subject is given a syllogism and asked to complete it or, if complete, to judge whether it is logically sound";"2011-06-02 12:31:56"
"con_4de7e54b3b6d2";"usr_4de5345b3b6a8";"trm_4c898b8c2d071";"invalid";"a subject is given an illogical syllogism and asked to judge whether it is logically sound";"2011-06-02 12:32:27"
"con_4de91cc95248e";"usr_4de5345b3b6a8";"trm_4d559d2703bae";"positive feedback";"the participant chooses a box containing a prize";"2011-06-03 10:41:29"
"con_4de91ce5f25a9";"usr_4de5345b3b6a8";"trm_4d559d2703bae";"negative feedback";"the participant chooses the devil box and loses all previous gains";"2011-06-03 10:41:57"
"con_4de929a6133f6";"usr_4de5345b3b6a8";"tsk_4a57abb949a25";"immediate memory copy";"in this version of the digit/symbol coding test, participants are shown a list of digits and symbols and immediately asked to write down the symbols that correspond to a list of digits";"2011-06-03 11:36:22"
"con_4de929f983464";"usr_4de5345b3b6a8";"tsk_4a57abb949a25";"general memory copy";"in this version of the digit/symbol coding test, participants are given time to study a list of digits and symbols and, after a period of time, asked to write down the symbols that correspond to a list of digits";"2011-06-03 11:37:45"
"con_4de93d28647c8";"usr_4de5345b3b6a8";"tsk_4a57abb949a33";"verbal recall (people test)";"participants are shown picures of people with names and occupations (or other information) attached. They are asked to recall the names when prompted with the occupation";"2011-06-03 12:59:36"
"con_4de93ddadf156";"usr_4de5345b3b6a8";"tsk_4a57abb949a33";"visual recognition (doors test)";"participants view pictures of doors. They then are presented with groupings of doors, each containing one from the studyied photos and 3 distractors and asked to identify the familiar door";"2011-06-03 13:02:34"
"con_4de93e2a139bb";"usr_4de5345b3b6a8";"tsk_4a57abb949a33";"visual recall (shapes test)";"participants copy line drawings that resemble crosses, then they are asked to redraw the shapes from memory";"2011-06-03 13:03:54"
"con_4de93e831be61";"usr_4de5345b3b6a8";"tsk_4a57abb949a33";"verbal recognition (names test)";"participants view a list of names. They then are presented with groupings of names, each containing one from the studyied list and 3 distractors and asked to identify the familiar name";"2011-06-03 13:05:23"
"con_4decfedb911e2";"usr_4de5345b3b6a8";"tsk_4a57abb949a4f";"congruent";"the participant is shown a stimulus flanked by some congruent image (the same letter or number as the stimulus or arrows pointing in the same direction as the target stimulus)";"2011-06-06 09:22:51"
"con_4decff04d5ada";"usr_4de5345b3b6a8";"tsk_4a57abb949a4f";"incongruent";"the participant is shown a stimulus flanked by incongruent images (different letters or numbers or arrows pointing in the opposite direction)";"2011-06-06 09:23:32"
"con_4ded127194dd6";"usr_4de5345b3b6a8";"tsk_4a57abb949a6a";"emotion detection";"participants must indicate when the current faces emotion matches the emotion of the face presented n previously";"2011-06-06 10:46:25"
"con_4ded129f8c792";"usr_4de5345b3b6a8";"tsk_4a57abb949a6a";"identity detection";"participants must indicate when the current picture is of the same person as presented n previously";"2011-06-06 10:47:11"
"con_4ded2ba5e3333";"usr_4de5345b3b6a8";"trm_4c898f079d05e";"rhythm tap";"subject must tap a button each time they hear a tone or see a light flash, which is presented in a consistent rhythm. Then, they must continue tapping in this rhythm after the stimulus has ceased";"2011-06-06 12:33:57"
"con_4ded2bceed869";"usr_4de5345b3b6a8";"trm_4c898f079d05e";"time tap";"subject must tap a button as many times as possible in a period of 10 seconds. Usually repeated trials are administered and an average score is obtained.";"2011-06-06 12:34:38"
"con_4ded4b345f18a";"usr_4de5345b3b6a8";"trm_4c898fc6722f4";"emotion manipulation";"some words on the list have neutral meaning, while other words have highly emotional content";"2011-06-06 14:48:36"
"con_4ded4b7c48e71";"usr_4de5345b3b6a8";"trm_4c898fc6722f4";"category list";"words on the list, even if organized randomly, come from distinct categories of association so the subject can group them together as a memorization strategy";"2011-06-06 14:49:48"
"con_4df11413051f5";"usr_4de5345b3b6a8";"tsk_4a57abb949af3";"Transformation plates";"plates are designed so that a person with deficient color vision will report a different digit than someone with normal color vision";"2011-06-09 11:42:27"
"con_4df1143e308e6";"usr_4de5345b3b6a8";"tsk_4a57abb949af3";"Vanishing plates";"plates are designed to that a person with deficient color vision will not see any digits, while people with normal color vision will report some digit";"2011-06-09 11:43:10"
"con_4df11498b173f";"usr_4de5345b3b6a8";"tsk_4a57abb949af3";"Hidden Digits plates";"plates are designed so that a person with deficient color vision will report seeing a digit, while people with normal color vision will not";"2011-06-09 11:44:40"
"con_4df2609cea616";"usr_4de5345b3b6a8";"tsk_4a57abb949b54";"Contamination/Cleaning";"questions that assess whether the participant has abnormal standards of cleanliness or abnormal negative feelings associated with uncleanliness";"2011-06-10 11:21:16"
"con_4df260fd66ed8";"usr_4de5345b3b6a8";"tsk_4a57abb949b54";"Checking";"questions that assess whether the participant rechecks things that have been checked before, or checks things after certainty should already have been attained";"2011-06-10 11:22:53"
"con_4df26137bc517";"usr_4de5345b3b6a8";"tsk_4a57abb949b54";"Slowness";"questions that assess whether the participant takes longer than necessary to perform common tasks";"2011-06-10 11:23:51"
"con_4df261fc3cb2d";"usr_4de5345b3b6a8";"tsk_4a57abb949b54";"Doubting";"questions that assess whether a participant requires an unrealistic amount of perfection or underestimates their ability to adequately perform tasks or make moral decisions";"2011-06-10 11:27:08"
"con_4df298c5963fa";"usr_4de5345b3b6a8";"trm_4c8990b07a037";"Comprehension";"subjects are played music and tested to see if they processed it, remembered it, or had the same auditory experience as others";"2011-06-10 15:20:53"
"con_4df298fddcc24";"usr_4de5345b3b6a8";"trm_4c8990b07a037";"Production";"subjects are asked to play or sing music ";"2011-06-10 15:21:49"
"con_4df8e1f29aef3";"usr_4de5345b3b6a8";"tsk_4a57abb949d17";"Uncued";"The subject is not shown a cue prior to the appearance of the stimulus";"2011-06-15 09:46:42"
"con_4df8e24a62aa3";"usr_4de5345b3b6a8";"tsk_4a57abb949d17";"Congruent Cue";"A cue appears before the target stimulus. This cue is in the same location as the target stimulus (a location cue) or pointing in the direction of the target stimulus (an orientation cue).";"2011-06-15 09:48:10"
"con_4df8e2760dd20";"usr_4de5345b3b6a8";"tsk_4a57abb949d17";"Incongruent Cue";"A cue appears before the target stimulus, but in another location or orientation.";"2011-06-15 09:48:54"
"con_4df8fae1e5bec";"usr_4de5345b3b6a8";"tsk_4a57abb949d25";"Word";"participants are presented with a real word";"2011-06-15 11:33:05"
"con_4df8fb518be8c";"usr_4de5345b3b6a8";"tsk_4a57abb949d25";"Morphologically Decomposable Pseudowords";"participants are presented with pseudowords whose structure contains morphemes that commonly exist in their language";"2011-06-15 11:34:57"
"con_4df8fb9e02055";"usr_4de5345b3b6a8";"tsk_4a57abb949d25";"Morphologically Non-decomposable Pseudowords";"participants are presented with pseudowords that do not have morphological structure";"2011-06-15 11:36:14"
"con_4dfa6ad39ee74";"usr_4de5345b3b6a8";"tsk_4a57abb949d84";"Semantically correct";"participants view sentences that are semantically correct and would make sense in everday speech (e.g. &#34;Did the visitor that admired the plants leave the wallet in the room?&#34;)";"2011-06-16 13:42:59"
"con_4dfa6b1c620a6";"usr_4de5345b3b6a8";"tsk_4a57abb949d84";"Semantically anomalous";"participants view sentences that are semantically incorrect and would not make sense (e.g. &#34;The boys admired the curly, new car of the secretary in the office.&#34;)";"2011-06-16 13:44:12"
"con_4dfa71f0c9afd";"usr_4de5345b3b6a8";"tsk_4a57abb949d92";"Semantically associated items";"participants view items that have some semantic association (e.g. &#34;car&#34; and &#34;truck&#34;)";"2011-06-16 14:13:20"
"con_4dfa7237ebfdd";"usr_4de5345b3b6a8";"tsk_4a57abb949d92";"Semantically unrelated items";"participants view items that have no strong semantic association between them (e.g. &#34;shirt&#34; and &#34;airplane&#34;)";"2011-06-16 14:14:31"
"con_4dfa889b33ab5";"usr_4de5345b3b6a8";"tsk_4a57abb949dbb";"Congruent Cue";"Participants view stimuli that are pointing in the same direction as the visual field they appear in, or participants press a button that resembles the stimulus or visual field (i.e. pressing a right arrow on a keyboard when a right-facing arrow appears, or the stimulus is in the right visual field)";"2011-06-16 15:50:03"
"con_4dfa891db4ac6";"usr_4de5345b3b6a8";"tsk_4a57abb949dbb";"Incongruent Cue";"Participants view stimuli that are pointing opposite the visual field they appear in, or the participants press a button that is opposite the stimulus direction or visual field (i.e. pressing a left arrow on a keyboard when a right-facing arrow appears, or when the stimulus is in the right visual field)";"2011-06-16 15:52:13"
"con_4dfb9a322be5a";"usr_4de5345b3b6a8";"tsk_4a57abb949df1";"0-back";"participants are asked to identify the spatial location of the dot in the current picture";"2011-06-17 11:17:22"
"con_4dfb9a75a2ae8";"usr_4de5345b3b6a8";"tsk_4a57abb949df1";"1-back";"participants are asked to identify the spatial location of the dot presented 1 picture previously, or indicate whether the current dot matches the position of the dot in the previous picture";"2011-06-17 11:18:29"
"con_4dfb9ab8d6e90";"usr_4de5345b3b6a8";"tsk_4a57abb949df1";"2-back";"participants are asked to identify the spatial location of the dot presented 2 pictures previously, or indicate whether the current dot matches the position of the dot in the picture presented 2 previously";"2011-06-17 11:19:36"
"con_4dfb9af0983f6";"usr_4de5345b3b6a8";"tsk_4a57abb949df1";"3-back";"participants are asked to identify the spatial location of the dot presented 3 pictures previously, or indicate whether the current dot matches the position of the dot in the picture presented 3 previously";"2011-06-17 11:20:32"
"con_4dfba87cdac32";"usr_4de5345b3b6a8";"tsk_4a57abb949dfe";"Trait Anxiety ";"this half of the questionnaire evaluates how the participant feels in general";"2011-06-17 12:18:20"
"con_4dfba8b045f20";"usr_4de5345b3b6a8";"tsk_4a57abb949dfe";"State Anxiety";"this half of the questionnaire evaluates how the participant feels at the moment. This half is more likely to change with re-administration of the questionnaire";"2011-06-17 12:19:12"
"con_4dfbb16a63016";"usr_4de5345b3b6a8";"tsk_4a57abb949e27";"Congruent";"the word is printed in the color that it&#39;s name suggests (i.e. &#34;yellow&#34; printed in yellow ink)";"2011-06-17 12:56:26"
"con_4dfbb1aa36fb5";"usr_4de5345b3b6a8";"tsk_4a57abb949e27";"Incongruent";"the word is printed in a different color than it&#39;s name suggests (i.e. &#34;yellow&#34; printed in red ink)";"2011-06-17 12:57:30"
"con_4dff8003a65ab";"usr_4de5345b3b6a8";"trm_4c8a842512a33";"Plausible Sentences";"participants view sentences that are grammatically correct and plausible as real sentences";"2011-06-20 10:14:43"
"con_4dff8030b7c3b";"usr_4de5345b3b6a8";"trm_4c8a842512a33";"Implausible Snetences";"participants view sentences that are grammatically incorrect and implausible as real sentences";"2011-06-20 10:15:28"
"con_4dffcea98fb12";"usr_4de5345b3b6a8";"trm_4b86c473a7166";"Single Number";"participants are asked to underline a specific number each time it appears on a printed page with random sequences of numbers";"2011-06-20 15:50:17"
"con_4dffcee92f1ed";"usr_4de5345b3b6a8";"trm_4b86c473a7166";"Single Geometric Form";"participants are asked to underline a specific symbol or drawing each time it appears on a printed page with random sequences of geometric forms";"2011-06-20 15:51:21"
"con_4dffd03801231";"usr_4de5345b3b6a8";"trm_4b86c473a7166";"Single Nonsense Letter";"participants are asked to underline a single, specific letter each time it appears on a printed page with random sequences of letters";"2011-06-20 15:56:56"
"con_4dffd0991b013";"usr_4de5345b3b6a8";"trm_4b86c473a7166";"Gestalt Figure";"participants are asked to underline a complex figure each time it appears on a page with a random sequences of similarly constructed complex figures";"2011-06-20 15:58:33"
"con_4dffd0f56b62b";"usr_4de5345b3b6a8";"trm_4b86c473a7166";"Single Letter";"participants are asked to underline a single, specific letter each time it appears on a printed page with random sequences of letters. Unlike the nonsense letter subtest, this test utilizes real letters from the alphabet of the participant&#39;s first language";"2011-06-20 16:00:05"
"con_4dffd14b5ae1b";"usr_4de5345b3b6a8";"trm_4b86c473a7166";"Single Letter in Syllable Context";"participants are asked to underline all syllables containing a specific letter on a page of random sequences of syllables. ";"2011-06-20 16:01:31"
"con_4dffd181cb5ac";"usr_4de5345b3b6a8";"trm_4b86c473a7166";"Two Letters";"participants are asked to underline two different, real letters each time they appear on a printed page with random sequences of letters";"2011-06-20 16:02:25"
"con_4dffd1dbec2a2";"usr_4de5345b3b6a8";"trm_4b86c473a7166";"Sequence of Geometric Forms";"a page is filled with different orders of four geometric shapes. The participant is asked to underline the symbols when they occur in a specific order (e.g. triangle, then cross, then crescent, then circle)";"2011-06-20 16:03:55"
"con_4dffd2399e9c1";"usr_4de5345b3b6a8";"trm_4b86c473a7166";"Four-Letter Nonsense Syllable (Unpronounceable)";"a page is filled with random collections of syllables containing no vowels, and must underline a specific nonsense syllable (e.g. fsbm) each time it appears";"2011-06-20 16:05:29"
"con_4dffd28018603";"usr_4de5345b3b6a8";"trm_4b86c473a7166";"Four-Letter Nonsense Syllable (Pronounceable)";"a page is filled with random collections of syllables containing vowels, and must underline a specific nonsense syllable (e.g. funp) each time it appears";"2011-06-20 16:06:40"
"con_4dffd2bac7de2";"usr_4de5345b3b6a8";"trm_4b86c473a7166";"Four-Letter Word";"participants are asked to underline a specific four-letter word each time it appears on a page filled with random sequences of other four-letter words made up of the same letters as the target word";"2011-06-20 16:07:38"
"con_4dffd3273ef33";"usr_4de5345b3b6a8";"trm_4b86c473a7166";"Unspaced Four-Letter Word";"participants are asked to underline a specific four-letter word each time it appears on a page filled with random sequences of other four-letter words made up of the same letters as the target word. Unlike the Four-Letter Word subtest, this subtest does not include spaces in between the four-letter words";"2011-06-20 16:09:27"
"con_4dffd35b0ffab";"usr_4de5345b3b6a8";"trm_4b86c473a7166";"Single Number (Second Time)";"participants repeat the first subtest, but search for a different number this time";"2011-06-20 16:10:19"
"con_4e010aebbbc24";"usr_4de5345b3b6a8";"tsk_4a57abb949ee9";"Congruent Cue";"a visual cue appears in the same place as the target will appear, but slightly early";"2011-06-21 14:19:39"
"con_4e010b0c96ff9";"usr_4de5345b3b6a8";"tsk_4a57abb949ee9";"Incongruent Cue";"a visual cue appears before the target does, but in a different location";"2011-06-21 14:20:12"
"con_4e0112e7d3937";"usr_4de5345b3b6a8";"tsk_4a57abb949ef7";"RMW";"participant is shown words and asked to later identify which ones have been seen before";"2011-06-21 14:53:43"
"con_4e011301aec43";"usr_4de5345b3b6a8";"tsk_4a57abb949ef7";"RMF";"participant is shown faces and asked to later identify which ones have been seen before";"2011-06-21 14:54:09"
"con_4e011a8762bf1";"usr_4de5345b3b6a8";"trm_4b94affc43245";"Matrix Reasoning";"assesses the fluid intelligence of the participant";"2011-06-21 15:26:15"
"con_4e011aded69ae";"usr_4de5345b3b6a8";"trm_4b94affc43245";"Block Design";"assesses spatial abilities of participants";"2011-06-21 15:27:42"
"con_4e011afe30329";"usr_4de5345b3b6a8";"trm_4b94affc43245";"Similarities";"assesses semantic knowledge and verbal ability of the participant";"2011-06-21 15:28:14"
"con_4e011b28ce9da";"usr_4de5345b3b6a8";"trm_4b94affc43245";"Vocabulary";"assesses the vocabulary and lexical knowledge of the participant";"2011-06-21 15:28:56"
"con_4e0125dc5b957";"usr_4de5345b3b6a8";"tsk_4a57abb949f12";"Information";"the participant is asked questions to measure general knowledge";"2011-06-21 16:14:36"
"con_4e01261c45bc4";"usr_4de5345b3b6a8";"tsk_4a57abb949f12";"Digit Span";"the participant is given a set of digits to repeat either forward or backward. The set grows each time until the participant can no longer correctly recall all the digits in order";"2011-06-21 16:15:40"
"con_4e01263d51a65";"usr_4de5345b3b6a8";"tsk_4a57abb949f12";"Vocabulary";"the participant is asked to define 35 words";"2011-06-21 16:16:13"
"con_4e012662da0cf";"usr_4de5345b3b6a8";"tsk_4a57abb949f12";"Arithmetic";"the participant is asked to solve 14 story problems with mental arithmetic";"2011-06-21 16:16:50"
"con_4e01268a18d60";"usr_4de5345b3b6a8";"tsk_4a57abb949f12";"Comprehension";"the participant is asked 16 questions about social awareness";"2011-06-21 16:17:30"
"con_4e0126b9ec375";"usr_4de5345b3b6a8";"tsk_4a57abb949f12";"Similarities";"the participant is asked to say how seemingly dissibmilar items might be similar";"2011-06-21 16:18:17"
"con_4e0126dc12ff6";"usr_4de5345b3b6a8";"tsk_4a57abb949f12";"Picture Completion";"the participant is asked to identify the vital missing detail in 20 pictures";"2011-06-21 16:18:52"
"con_4e012702f073f";"usr_4de5345b3b6a8";"tsk_4a57abb949f12";"Picture Arrangement";"the participant is given 10 sets of pictures and must arrange each set into a logical sequence";"2011-06-21 16:19:30"
"con_4e012722ee912";"usr_4de5345b3b6a8";"tsk_4a57abb949f12";"Block Design";"the participant mut assemble blocks to match pictures of designs";"2011-06-21 16:20:02"
"con_4e01278c5e3b9";"usr_4de5345b3b6a8";"tsk_4a57abb949f12";"Digit Symbol";"the participant use a key - which pairs each number with a symbol - to identify which digit matches the symbols they are presented with";"2011-06-21 16:21:48"
"con_4e0127abdddd2";"usr_4de5345b3b6a8";"tsk_4a57abb949f12";"Object Assembly";"the participant completes puzzles";"2011-06-21 16:22:19"
"con_4e012e2269b4c";"usr_4de5345b3b6a8";"trm_4b94b12bf0eb2";"Vocabulary";"the participant is asked to define words";"2011-06-21 16:49:54"
"con_4e012e64945d9";"usr_4de5345b3b6a8";"trm_4b94b12bf0eb2";"Information";"the participant is asked questions to measure general knowledge";"2011-06-21 16:51:00"
"con_4e012f7ba03d0";"usr_4de5345b3b6a8";"trm_4b94b12bf0eb2";"Logical Memory";"participants must recall or recognize elements from a short story";"2011-06-21 16:55:39"
"con_4e012fc0a6afb";"usr_4de5345b3b6a8";"trm_4b94b12bf0eb2";"Verbal Paired Associates";"participants must recall or recognize a word when prompted by an unrelated word that was paired with it during the presentation of word pairs";"2011-06-21 16:56:48"
"con_4e01302681ad2";"usr_4de5345b3b6a8";"trm_4b94b12bf0eb2";"Designs";"participants must recall visual details and spatial locations of designs";"2011-06-21 16:58:30"
"con_4e01306ba8bb6";"usr_4de5345b3b6a8";"trm_4b94b12bf0eb2";"Visual Reproduction";"participants view a picture and reproduce it after it has been taken away";"2011-06-21 16:59:39"
"con_4e013090c4ac2";"usr_4de5345b3b6a8";"trm_4b94b12bf0eb2";"Spatial Addition";"participants manipulate visuospatial information in their working memory";"2011-06-21 17:00:16"
"con_4e0130c9799c6";"usr_4de5345b3b6a8";"trm_4b94b12bf0eb2";"Symbol Span";"participants must recall sequences of symbols, increasing in size with each correct completion";"2011-06-21 17:01:13"
"con_4e02368e6d12e";"usr_4de5345b3b6a8";"tsk_4a57abb949f4a";"perceptual identification";"a word is presented extremely briefly (and often tachistoscopically) on a computer screen and the participant is asked to say the word aloud when they see it";"2011-06-22 11:38:06"
"con_4e0236b24758c";"usr_4de5345b3b6a8";"tsk_4a57abb949f4a";"lexical decision";"a string of letters is presented and the participant is asked to identify whether the letters form a word or not";"2011-06-22 11:38:42"
"con_4e023b95e4eb1";"usr_4de5345b3b6a8";"tsk_4a57abb949f4a";"latency identification";"words are presented that the participant is asked to read, but some words are very common and others are used infrequently";"2011-06-22 11:59:33"
"con_4e023c2ae3a10";"usr_4de5345b3b6a8";"tsk_4a57abb949f4a";"primed identification";"participants are shown words that are semantically or structurally similar to the target word before the target word, which they are asked to read, appears";"2011-06-22 12:02:02"
"con_4e02713a4577a";"usr_4de5345b3b6a8";"tsk_4a57abb949d09";"Trait Affect";"how the participant would answer questions in general";"2011-06-22 15:48:26"
"con_4e027155c0175";"usr_4de5345b3b6a8";"tsk_4a57abb949d09";"State Affect";"how the participant would answer questions at the moment, or over the past few days";"2011-06-22 15:48:53"
"con_4e038e680b751";"usr_4de5345b3b6a8";"trm_4c898a20eb254";"Early Blind";"subjects who have been blind since birth or before the acquisition of developed language and/or reading skills";"2011-06-23 12:05:12"
"con_4e038e90bd1f9";"usr_4de5345b3b6a8";"trm_4c898a20eb254";"Late Blind";"subjects who lost their sight after acquiring the ability to read non-braille text";"2011-06-23 12:05:52"
"con_4e08ed6a4cedb";"usr_4de5345b3b6a8";"trm_4da88c904862b";"Initiation";"participants were instructed to complete a series of 15 sentences (e.g., He posted the letter without a â€¦.) using the contextually predicted word (STAMP)";"2011-06-27 13:51:54"
"con_4e08ed9422d1a";"usr_4de5345b3b6a8";"trm_4da88c904862b";"Inhibition";"participants were instructed to complete a series of 15 sentences (e.g., He posted the letter without a â€¦.) using totally unconnected words (e.g. BANANA)";"2011-06-27 13:52:36"
"con_4e08f52d8230f";"usr_4de5345b3b6a8";"tsk_4a57abb949b1c";"0-back";"participant is shown or read a list of letters and then asked to identify the last letter given";"2011-06-27 14:25:01"
"con_4e08f54b8a1f9";"usr_4de5345b3b6a8";"tsk_4a57abb949b1c";"1-back";"participant is shown or read a list of letters and then asked to identify the letter given 1 letter previously";"2011-06-27 14:25:31"
"con_4e08f563a4600";"usr_4de5345b3b6a8";"tsk_4a57abb949b1c";"2-back";"participant is shown or read a list of letters and then asked to identify the letter given 2 letters previously";"2011-06-27 14:25:55"
"con_4e08f5a26750f";"usr_4de5345b3b6a8";"tsk_4a57abb949b1c";"3-back";"participant is shown or read a list of letters and then asked to identify the letter given 3 letters previously, or asked if the current letter matches the letter given 3 letters back";"2011-06-27 14:26:58"
"con_4e31e4ff71bc3";"usr_4e31cbdaeab0d";"trm_4e31d031bc8c2";"cue onset asynchrony ";"different onset lags between the two cues (e.g., the auditory onset is 50ms after visual onset)";"2011-07-28 15:38:55"
"con_4e31e8204d888";"usr_4e31cbdaeab0d";"trm_4e31d69b7f422";"cue onset asynchrony";"different onset lags between the two cues (e.g., the auditory onset is 50ms after visual onset)";"2011-07-28 15:52:16"
"con_4e4170453dfb1";"usr_49a467bf4e0db";"tsk_4a57abb949e27";"Neutral";"the stimulus is a non-color word or nonword (e.g., &#34;house&#34; or &#34;XXXX&#34; printed in red ink&#34;)";"2011-08-09 10:37:09"
"con_4e495acbd916c";"usr_4e42a3196fbcd";"trm_4c8989e1f3df7";"Active Acupuncture";"Needles placed according to actual acupunture guidlines";"2011-08-15 10:43:39"
"con_4e495af163b9a";"usr_4e42a3196fbcd";"trm_4c8989e1f3df7";"Sham Acupuncture";"Needles placed at random locations to provide placebo control";"2011-08-15 10:44:17"
"con_4e495e56dd1bc";"usr_4e42a3196fbcd";"trm_4da88b8b60ffb";"No-switch trials";"trials that are preceeded by trials of the same type";"2011-08-15 10:58:46"
"con_4e495e6ea76b0";"usr_4e42a3196fbcd";"trm_4da88b8b60ffb";"Switch trials";"trials that are preceeded by trials of the other task type";"2011-08-15 10:59:10"
"con_4e49604f16ce1";"usr_4e42a3196fbcd";"trm_4da88bd4412da";"Common animals";"Animals that are frequent and commonly known (e.g., horse)";"2011-08-15 11:07:11"
"con_4e49606e91d44";"usr_4e42a3196fbcd";"trm_4da88bd4412da";"Rare animals";"Animals that are not commonly encountered or known (e.g., egret)";"2011-08-15 11:07:42"
"con_4e49694dc6d46";"usr_4e42a3196fbcd";"trm_4da6304c9aa23";"Congruent";"Flanker items indicate same response as target";"2011-08-15 11:45:33"
"con_4e49695f7fb24";"usr_4e42a3196fbcd";"trm_4da6304c9aa23";"Incongruent";"flanker items indicate opposite response as target";"2011-08-15 11:45:51"
"con_4e4969740c6a5";"usr_4e42a3196fbcd";"trm_4da6304c9aa23";"Neutral";"flanker items do not indicate either response";"2011-08-15 11:46:12"
"con_4e4969c33c594";"usr_4e42a3196fbcd";"trm_4da6304c9aa23";"Cue: none";"no cue precedes trial";"2011-08-15 11:47:31"
"con_4e4969eae9080";"usr_4e42a3196fbcd";"trm_4da6304c9aa23";"Cue: double";"Cue precedes trial but provides no information about the location of the upcoming stimulus";"2011-08-15 11:48:10"
"con_4e496a10647ec";"usr_4e42a3196fbcd";"trm_4da6304c9aa23";"Cue: spatial";"Cue precedes trial and indicates location of upcoming stimulus";"2011-08-15 11:48:48"
"con_4e496f2729d3f";"usr_4e42a3196fbcd";"trm_4c40d2a93ea15";"Target";"An &#34;X&#34; that is preceded by an &#34;A&#34;";"2011-08-15 12:10:31"
"con_4e496f4abd731";"usr_4e42a3196fbcd";"trm_4c40d2a93ea15";"Distractors";"All other items (including the &#34;A&#34; and any &#34;X&#34; not preceded by an &#34;A&#34;";"2011-08-15 12:11:06"
"con_4e551ea3799e5";"usr_4e4a7f57b30e6";"trm_4e550887d92de";"Baseline";"Stimulation at skin temperature";"2011-08-24 08:54:11"
"con_4e551f0136d17";"usr_4e4a7f57b30e6";"trm_4e550887d92de";"Heat Stimulation";"Stimulation at a temperature above pain threshold";"2011-08-24 08:55:45"
"con_4e5bbcf7e689a";"usr_4e4a7f57b30e6";"trm_4e5bb14d814a8";"Body ownership";"Synchronous paintbrush stroking of the occluded hand and the rubber hand elicits the illusion of the rubber hand being part of oneâ€™s body.";"2011-08-29 09:23:19"
"con_4e5bbda6f11ff";"usr_4e4a7f57b30e6";"trm_4e5bb14d814a8";"No body ownership";"Asynchronous paintbrush stroking of the occluded hand and the rubber hand. ";"2011-08-29 09:26:14"
"con_4e5d07e8aa85f";"usr_4e4a7f57b30e6";"trm_4e5d07565b68e";"Noxious stimulation";"Painful stimuli (e.g. sharp tips) are delivered to the skin";"2011-08-30 08:55:20"
"con_4e5d0827085a2";"usr_4e4a7f57b30e6";"trm_4e5d07565b68e";"Non-noxious stimulation";"Non-painful stimuli (e.g. blunt tips) are delivered to the skin";"2011-08-30 08:56:23"
"con_4e5e7bb11d3b2";"usr_4e4a7f57b30e6";"trm_4e5e7ac84c2e5";"Stimulation at PT+0.7Â°C";"Heat stimulation at pain threshold plus 0.7Â°C";"2011-08-31 11:21:37"
"con_4e5e7bef29b14";"usr_4e4a7f57b30e6";"trm_4e5e7ac84c2e5";"Stimulation at PT+1.3Â°C";"Heat stimulation at pain threshold plus 1.3Â°C";"2011-08-31 11:22:39"
"con_4e5e7c35246cc";"usr_4e4a7f57b30e6";"trm_4e5e7ac84c2e5";"Baseline";"Rest, stimulation at skin temperature";"2011-08-31 11:23:49"
"con_4e5fcdd5bc764";"usr_4e4a7f57b30e6";"trm_4e5fcd75efb58";"Baseline";"Stimulation with indifferent temperature â€“ not warm and not cold (around skin temperature)";"2011-09-01 11:24:21"
"con_4e5fce1e14d37";"usr_4e4a7f57b30e6";"trm_4e5fcd75efb58";"Warm";"Stimulation with warm, but not painful, temperature";"2011-09-01 11:25:34"
"con_4e5fce7f45ec7";"usr_4e4a7f57b30e6";"trm_4e5fcd75efb58";"Cool";"Stimulation with cold, but not painful, temperature";"2011-09-01 11:27:11"
"con_4e5fced0a43a0";"usr_4e4a7f57b30e6";"trm_4e5fcd75efb58";"Heat pain";"Stimulation with painful heat stimulus";"2011-09-01 11:28:32"
"con_4e5fcf1a7fb30";"usr_4e4a7f57b30e6";"trm_4e5fcd75efb58";"Cold pain ";"Stimulation with painful cold stimulus";"2011-09-01 11:29:46"
"con_4e5fcf4da0d3e";"usr_4e4a7f57b30e6";"trm_4e5fcd75efb58";"Thermal grill ";"Stimulation with thermal grill";"2011-09-01 11:30:37"
"con_4e6112c1b51c1";"usr_4e4a7f57b30e6";"trm_4e6112759926e";"No Pain";"Not painful thermal (hot/cold), electrical, chemical or mechanical stimulation";"2011-09-02 10:30:41"
"con_4e6112fc0a8c4";"usr_4e4a7f57b30e6";"trm_4e6112759926e";"Pain";"Painful thermal (hot/cold), electrical, chemical or mechanical stimulation";"2011-09-02 10:31:40"
"con_4e6121f28cb21";"usr_4e4a7f57b30e6";"trm_4e6114e7b1ff2";"No Pain";"Not painful thermal (hot/cold), electrical, or mechanical stimulation";"2011-09-02 11:35:30"
"con_4e6122135c5e3";"usr_4e4a7f57b30e6";"trm_4e6114e7b1ff2";"Pain";"Painful thermal (hot/cold), electrical, or mechanical stimulation";"2011-09-02 11:36:03"
"con_4e664d8cc1085";"usr_4e4a7f57b30e6";"trm_4e664d3718e1b";"Noxious Cold ";"A noxious cold stimulus is applied to the skin";"2011-09-06 09:42:52"
"con_4e664dde482aa";"usr_4e4a7f57b30e6";"trm_4e664d3718e1b";"Innocuous Cool ";"An innocuous cool stimulus is applied to the skin";"2011-09-06 09:44:14"
"con_4e664e057e8b3";"usr_4e4a7f57b30e6";"trm_4e664d3718e1b";"Neutral ";"A neutral thermal stimulus is applied to the skin";"2011-09-06 09:44:53"
"con_4e68e0ec9397f";"usr_4e4a7f57b30e6";"trm_4e68e08950157";"Painful";"Application of a painful electric stimulus";"2011-09-08 08:36:12"
"con_4e68e1280bb1b";"usr_4e4a7f57b30e6";"trm_4e68e08950157";"Non-Painful ";"Application of a non-painful electric stimulus";"2011-09-08 08:37:12"
"con_4e68e14867ee2";"usr_4e4a7f57b30e6";"trm_4e68e08950157";"Baseline";"Rest";"2011-09-08 08:37:44"
"con_4e6a2f906c4ec";"usr_4e4a7f57b30e6";"trm_4e6a2f61b17b0";"Capsaicin-Evoked Pain ";"Intradermal injection of capsaicin";"2011-09-09 08:24:00"
"con_4e6a2fa945aff";"usr_4e4a7f57b30e6";"trm_4e6a2f61b17b0";"Rest";"Rest, no stimulation";"2011-09-09 08:24:25"
"con_4e6a345e36b25";"usr_4e4a7f57b30e6";"trm_4e5662373bc89";"Baseline";"Stimulation at skin temperature";"2011-09-09 08:44:30"
"con_4e6a34c8e3614";"usr_4e4a7f57b30e6";"trm_4e5662373bc89";"Heat Stimulation";"Heat stimulus above pain threshold";"2011-09-09 08:46:16"
"con_4e6a453d055e8";"usr_4e4a7f57b30e6";"trm_4e6a44ee854f8";"Cold Task ";"Application of cold but not painful water";"2011-09-09 09:56:29"
"con_4e6a45b172df5";"usr_4e4a7f57b30e6";"trm_4e6a44ee854f8";"Pain Task ";"Application of painful cold water";"2011-09-09 09:58:25"
"con_4e6a45d9eae6d";"usr_4e4a7f57b30e6";"trm_4e6a44ee854f8";"Baseline";"No application of water";"2011-09-09 09:59:05"
"con_4e8a0f0c33eb1";"usr_4e885e1ee3733";"trm_4e8a0dd29ec7b";"Match trials";"Trials on which the same shape is presented twice";"2011-10-03 12:37:48"
"con_4e8a0f2605595";"usr_4e885e1ee3733";"trm_4e8a0dd29ec7b";"Mismatch trials";"Trials on which different objects are presented";"2011-10-03 12:38:14"
"con_4ebc64ff11a11";"usr_4cf5de07654c8";"trm_4e8dd3831f0cc";"Deterministic classification trials";"trials on which the subject classifies items";"2011-11-10 15:57:51"
"con_4ebc684fbf0dd";"usr_4cf5de07654c8";"trm_4e8dd3dfd9fff";"blocks of both probabilistic classification trials and deterministic classification trials";"trials on which the subject classifies items";"2011-11-10 16:11:59"
"con_4ebc6aeadbf81";"usr_4cf5de07654c8";"trm_4ebc6a6b75ebf";"tone counting trials";"trials on which a subject listens and rembers that a tone was presented";"2011-11-10 16:23:06"
"con_4ebc7658154a6";"usr_4cf5de07654c8";"trm_4ebc728326a13";"classification learning trials";"trials on which the subject classifies items";"2011-11-10 17:11:52"
"con_4ebc98faf2729";"usr_4cf5de07654c8";"trm_4ebc98cc77e7b";"classification learning trials";"trials on which the subject classifies items while also listening for a specific tone and keeps count of how many times it occurs";"2011-11-10 19:39:38"
"con_4ebc9926b5598";"usr_4cf5de07654c8";"trm_4ebc98cc77e7b";"tone-counting probe";"probe for the number of times that the relevant tone was presented";"2011-11-10 19:40:22"
"con_4ebd3eeacf977";"usr_49a467bf4e0db";"trm_4cacee4a1d875";"Gamble judgment";"Judgment of whether to accept or reject a particular gamble";"2011-11-11 07:27:38"
"con_4ebd3c8329fd8";"usr_49a467bf4e0db";"trm_4cacf22a22d80";"feedback";"presentation of feedback following response";"2011-11-11 07:17:23"
"con_4ebd3d3ded757";"usr_49a467bf4e0db";"trm_4ebc9d2e397f2";"Classification trials: Probabilistic";"Classification on items learned with probabilistic feedback";"2011-11-11 07:20:29"
"con_4ebd3d74160ea";"usr_49a467bf4e0db";"trm_4ebc9d2e397f2";"Classification trials: Deterministic";"Classification on items learned with deterministic feedback";"2011-11-11 07:21:24"
"con_4ebd40282d26c";"usr_49a467bf4e0db";"trm_4cacf3fbc503b";"Failed stop trial";"Trial on which subject fails to successfully inhibit";"2011-11-11 07:32:56"
"con_4ebd4046e2ef7";"usr_49a467bf4e0db";"trm_4cacf3fbc503b";"Junk trial";"Go trial on which subject fails to respond or responds incorrectly";"2011-11-11 07:33:26"
"con_4ebd4179ce36d";"usr_49a467bf4e0db";"trm_4cacf3fbc503b";"Go trials - critical";"Go trial on which the response corresponds to the one that should be inhibited on stop trials";"2011-11-11 07:38:33"
"con_4ebd419090a49";"usr_49a467bf4e0db";"trm_4cacf3fbc503b";"Go trials - noncritical";"Go trial on which the response corresponds to the one that should not be inhibited on stop trials";"2011-11-11 07:38:56"
"con_4ebd41c62e086";"usr_49a467bf4e0db";"trm_4cacf3fbc503b";"Failed stop trial - critical";"Trials on which a stop signal was presented and the response was the critical one (i.e., the one that should be inhibited)";"2011-11-11 07:39:50"
"con_4ebd41ebc1bbc";"usr_49a467bf4e0db";"trm_4cacf3fbc503b";"Failed stop trial - noncritical";"Trials on which a stop signal was presented and the response was the noncritical one (i.e., the one that should not be inhibited)";"2011-11-11 07:40:27"
"con_4ebd4262dc8f7";"usr_49a467bf4e0db";"trm_4ebc6a6b75ebf";"Probe";"Presentation of a probe regarding the number of tones counted in the block";"2011-11-11 07:42:26"
"con_4ebd43333ae4d";"usr_49a467bf4e0db";"trm_4ebc728326a13";"Probe";"Probe asking which of two numbers is higher";"2011-11-11 07:45:55"
"con_4ebd43e58784f";"usr_49a467bf4e0db";"trm_4ebc9d2e397f2";"Classification trials: Single task learning";"Classification on items learned under single task conditions";"2011-11-11 07:48:53"
"con_4ebd43fca537f";"usr_49a467bf4e0db";"trm_4ebc9d2e397f2";"Classification trials: Dual task learning";"Classification on items learned under dual task conditions";"2011-11-11 07:49:16"
"con_4ebd44252ef5e";"usr_49a467bf4e0db";"trm_4ebc9d2e397f2";"Junk trial";"Trials on which subject did not respond or made an error";"2011-11-11 07:49:57"
"con_4ebd44f6ce988";"usr_49a467bf4e0db";"trm_4ebd44cd88360";"EE-Abstract-Novel";"Novel abstract English word";"2011-11-11 07:53:26"
"con_4ebd457616acf";"usr_49a467bf4e0db";"trm_4ebd44cd88360";"EE-Abstract-Repeat";"Repeated abstract English word (first seen in English)";"2011-11-11 07:55:34"
"con_4ebd45f01543f";"usr_49a467bf4e0db";"trm_4cacf22a22d80";"Probabilistic classification trials: Positive feedback";"Trials on which subject classifies item and receives positive feedback";"2011-11-11 07:57:36"
"con_4ebd45fd32ef6";"usr_49a467bf4e0db";"trm_4cacf22a22d80";"Probabilistic classification trials: Negative feedback";"Trials on which subject classifies item and receives negative feedback";"2011-11-11 07:57:49"
"con_4ebd46789f909";"usr_49a467bf4e0db";"trm_4cacf22a22d80";"Probabilistic reversal learning trials: Positive feedback";"Trials on which subject classifies item under reversal conditions and receives positive feedback";"2011-11-11 07:59:52"
"con_4ebd469d8a3c9";"usr_49a467bf4e0db";"trm_4cacf22a22d80";"Probabilistic reversal learning trials: Negative feedback";"Trials on which subject classifies item under reversal conditions and receives negative feedback";"2011-11-11 08:00:29"
"con_4ebd47cf0dfed";"usr_49a467bf4e0db";"trm_4ebd47b8bab6b";"House";"Images of houses";"2011-11-11 08:05:35"
"con_4ebd47de279d1";"usr_49a467bf4e0db";"trm_4ebd47b8bab6b";"Scrambled";"Scrambled images";"2011-11-11 08:05:50"
"con_4ebd4851b94e8";"usr_49a467bf4e0db";"trm_4ebd482eba5b1";"Words";"Real words";"2011-11-11 08:07:45"
"con_4ebd485d8c036";"usr_49a467bf4e0db";"trm_4ebd482eba5b1";"Consonant strings";"Consonant strings";"2011-11-11 08:07:57"
"con_4ebd488f5a316";"usr_49a467bf4e0db";"trm_4ebd47b8bab6b";"Objects";"Images of various visual objects";"2011-11-11 08:08:47"
"con_4ebd4cf1e5218";"usr_4cf5de07654c8";"trm_4e8dd3831f0cc";"feedback";"presentation of feedback following response";"2011-11-11 08:27:29"
"con_4ebd50a63e4fd";"usr_4cf5de07654c8";"trm_4ebd44cd88360";"EE-Concrete-Novel";"Novel concrete English word";"2011-11-11 08:43:18"
"con_4ebd51abcad7e";"usr_4cf5de07654c8";"trm_4ebd44cd88360";"ES-Abstract-Novel";"Novel abstract English word";"2011-11-11 08:47:39"
"con_4ebd5208da2ca";"usr_4cf5de07654c8";"trm_4ebd44cd88360";"ES-Concrete-Novel";"Novel concrete English word";"2011-11-11 08:49:12"
"con_4ebd524b68628";"usr_4cf5de07654c8";"trm_4ebd44cd88360";"SE-Abstract-Novel";"Novel abstract Spanish word";"2011-11-11 08:50:19"
"con_4ebd527776c01";"usr_4cf5de07654c8";"trm_4ebd44cd88360";"SE-Concrete-Novel";"Novel concrete Spanish word";"2011-11-11 08:51:03"
"con_4ebd529e6b0db";"usr_4cf5de07654c8";"trm_4ebd44cd88360";"SS-Abstract-Novel";"Novel abstract Spanish word";"2011-11-11 08:51:42"
"con_4ebd52c09f52f";"usr_4cf5de07654c8";"trm_4ebd44cd88360";"SS-Concrete-Novel";"Novel concrete Spanish word";"2011-11-11 08:52:16"
"con_4ebd59c1122ae";"usr_4cf5de07654c8";"tsk_4a57abb949dbb";"Congruent Correct";"Participants respond correctly to a congruent cue";"2011-11-11 09:22:09"
"con_4ebd59ee5e939";"usr_4cf5de07654c8";"tsk_4a57abb949dbb";"Congruent Incorrect";"Participants respond incorrectly to a congruent cue";"2011-11-11 09:22:54"
"con_4ebd5a0be306a";"usr_4cf5de07654c8";"tsk_4a57abb949dbb";"Incongruent Correct";"Participants respond correctly to a incongruent cue";"2011-11-11 09:23:23"
"con_4ebd5a24bee02";"usr_4cf5de07654c8";"tsk_4a57abb949dbb";"Incongruent incorrect";"Participants respond incorrectly to a incongruent cue";"2011-11-11 09:23:48"
"con_4ebd5aadbbcc9";"usr_4cf5de07654c8";"trm_4ebd47b8bab6b";"Cat";"Images of cats";"2011-11-11 09:26:05"
"con_4ebd5abb4cf5a";"usr_4cf5de07654c8";"trm_4ebd47b8bab6b";"Shoe";"images of shoes";"2011-11-11 09:26:19"
"con_4ebd5ac6c401f";"usr_4cf5de07654c8";"trm_4ebd47b8bab6b";"Bottle";"images of bottles";"2011-11-11 09:26:30"
"con_4ebd5ae179420";"usr_4cf5de07654c8";"trm_4ebd47b8bab6b";"Scissors";"Images of scissors";"2011-11-11 09:26:57"
"con_4ebd5af004f7e";"usr_4cf5de07654c8";"trm_4ebd47b8bab6b";"Chair";"Images of chairs";"2011-11-11 09:27:12"
"con_4ebd5afbab5b2";"usr_4cf5de07654c8";"trm_4ebd47b8bab6b";"Face";"Images of faces";"2011-11-11 09:27:23"
"con_4ebd5c919bc58";"usr_4cf5de07654c8";"trm_4ebd44cd88360";"EE-Concrete-Repeat";"Repeated concrete English word (first seen in English)";"2011-11-11 09:34:09"
"con_4ebd5d114a4ec";"usr_4cf5de07654c8";"trm_4ebd44cd88360";"ES-Abstract-Repeat";"Repeated abstract Spanish word (first seen in English)";"2011-11-11 09:36:17"
"con_4ebd69416a180";"usr_4cf5de07654c8";"trm_4ebc9d2e397f2";"Junk single-task items";"Single task items on which the subject did not respond or made an error";"2011-11-11 10:28:17"
"con_4ebd697931d91";"usr_4cf5de07654c8";"trm_4ebc9d2e397f2";"Junk dual-task items";"Dual task items on which the subject did not respond or made an error";"2011-11-11 10:29:13"
"con_4ebd6c63c9327";"usr_4cf5de07654c8";"trm_4ebd44cd88360";"ES-Concrete-Repeat";"Repeated concrete Spanish word (first seen in English) ";"2011-11-11 10:41:39"
"con_4ebd6ca71ac1f";"usr_4cf5de07654c8";"trm_4ebd44cd88360";"SE-Abstract-Repeat";"Repeated abstract English word (first seen in Spanish)";"2011-11-11 10:42:47"
"con_4ebd6d2831524";"usr_4cf5de07654c8";"trm_4ebd44cd88360";"SE-Concrete-Repeat";"Repeated concrete English word (first seen in Spanish)";"2011-11-11 10:44:56"
"con_4ebd6dbecfcad";"usr_4cf5de07654c8";"trm_4ebd44cd88360";"SS-Abstract-Repeat";"Repeated abstract Spanish word (first seen in Spanish)";"2011-11-11 10:47:26"
"con_4ebd6de3528c0";"usr_4cf5de07654c8";"trm_4ebd44cd88360";"SS-Concrete-Repeat";"Repeated abstract Spanish word (first seen in Spanish)";"2011-11-11 10:48:03"
"con_4ebd8d721c4dc";"usr_4cf5de07654c8";"tsk_4a57abb949a4f";"Congruent Correct";"the participant is shown a stimulus flanked by some congruent image (the same letter or number as the stimulus or arrows pointing in the same direction as the target stimulus) and makes a correct response";"2011-11-11 13:02:42"
"con_4ebd8ded947c1";"usr_4cf5de07654c8";"tsk_4a57abb949a4f";"Congruent Incorrect";"the participant is shown a stimulus flanked by some congruent image (the same letter or number as the stimulus or arrows pointing in the same direction as the target stimulus) and makes an incorrect response";"2011-11-11 13:04:45"
"con_4ebd8e0b9844c";"usr_4cf5de07654c8";"tsk_4a57abb949a4f";"Incongruent Correct";"the participant is shown a stimulus flanked by incongruent images (different letters or numbers or arrows pointing in the opposite direction) and makes a correct response";"2011-11-11 13:05:15"
"con_4ebd8e2098713";"usr_4cf5de07654c8";"tsk_4a57abb949a4f";"Incongruent Incorrect";"the participant is shown a stimulus flanked by incongruent images (different letters or numbers or arrows pointing in the opposite direction) and makes an incorrect response";"2011-11-11 13:05:36"
"con_4edcf376a11cb";"usr_4cf5de07654c8";"trm_4da4b203ad5ae";"Go trials - critical";"Go trial on which the response corresponds to the one that should be inhibited on stop trials";"2011-12-05 08:38:14"
"con_4edcf39c3717e";"usr_4cf5de07654c8";"trm_4da4b203ad5ae";"Go trials - noncritical";"Go trial on which the response corresponds to the one that should not be inhibited on stop trials";"2011-12-05 08:38:52"
"con_4edcf3d070d1c";"usr_4cf5de07654c8";"trm_4da4b203ad5ae";"Successful stop";"Stop trial on which subjects successfully inhibit";"2011-12-05 08:39:44"
"con_4edcf401c4af4";"usr_4cf5de07654c8";"trm_4da4b203ad5ae";"Failed stop trial - critical";"Trials on which a stop signal was presented and the response was the critical one (i.e., the one that should be inhibited)";"2011-12-05 08:40:33"
"con_4edcf41fb3c07";"usr_4cf5de07654c8";"trm_4da4b203ad5ae";"Failed stop trial - noncritical";"Trials on which a stop signal was presented and the response was the noncritical one (i.e., the one that should not be inhibited)";"2011-12-05 08:41:03"
"con_4edcf52c2e669";"usr_4cf5de07654c8";"trm_4da4b203ad5ae";"Junk trial";"Go trial on which subject fails to respond or responds incorrectly";"2011-12-05 08:45:32"
"con_4f4182c4c2814";"usr_49a467bf4e0db";"tsk_4a57abb9499ff";"correct recall";;"2012-02-19 15:16:20"
